Iteration Times,Accuracy (%),Time (s)
50,100.0,0.0035049915313720703
60,100.0,0.002977132797241211
90,100.0,0.002727985382080078
120,100.0,0.0033011436462402344
150,100.0,0.0030672550201416016
